Schema,Table,Column,Neotoma,Required,Overwrite,Notes,Notes II,Rowwise,Type,FormatOrRange,Vocabulary,Constant,Taxonname,Taxonid,UnitColumn,Uncertaintycolumn,Uncertaintyunitcolumn,UncertaintyBasis
sisal,Site,site_id,ndb.sites.sitedescription,FALSE,FALSE,database level,The idea here is cross-referencing the SISAL database siteid link.,FALSE,integer,,,,,,,,,
sisal,Site,site_name,ndb.sites.sitename,FALSE,FALSE,name by author,,FALSE,string,,,,,,,,,
sisal,Site,latitude,ndb.sites.geog,FALSE,FALSE,number,Link as a spatial object.,FALSE,"coordinates (lat, long)",,,,,,,,,
sisal,Site,longitude,ndb.sites.geog,FALSE,FALSE,number,Link as a spatial object.,FALSE,"coordinates (lat, long)",,,,,,,,,
sisal,Site,elevation,ndb.sites.altitude,FALSE,FALSE,number,,FALSE,float,,,,,,,,,
sisal,Site,monitoring,ndb.speleothem.monitoring,FALSE,FALSE,yes or no question,,FALSE,,,"[""yes"",""no""]",,,,,,,
sisal,Entity,site_id,ndb.speleothem.siteid,FALSE,FALSE,database level,This would be the Neotoma SiteID to link (as opposed to the SISAL siteid),FALSE,integer,,,,,,,,,
sisal,Entity,entity_id,ndb.speleothem.entityid,FALSE,FALSE,database level,Referencing the speleothem entity (not the core itself),FALSE,integer,,,,,,,,,
sisal,Entity,persist_id,ndb.speleothem.persistid,FALSE,FALSE,database level,"Not needed (I don't think), but we can link to it",FALSE,integer,,,,,,,,,
sisal,Entity,entity_name,ndb.speleothem.entityname,FALSE,FALSE,name by author,,FALSE,string,,,,,,,,,
sisal,Entity,entity_status,ndb.speleothem.entitystatusid,FALSE,FALSE,dropdown list options asking if the entity has been superceded by a newer dataset e.g. with higher resolution and more accurate chronology that SHOULD be used instead,The statusids would be in a separate table to enforce consistency,FALSE,,,"[""completely supersedes"",
""completely superseded by"",
""partially supersedes"",
""partially superseded by"",
""not applicable""]",,,,,,,
---,---,---,ndb.speleothem.geography,FALSE,FALSE,,three dimensional spatial object,FALSE,,,,,,,,,,
sisal,Entity,corresponding_current,-,FALSE,FALSE,entity_name in the database that SHOULD be used instead,IGNORE -- Based on Notes,FALSE,,,,,,,,,,
sisal,Entity,depth_ref,ndb.speleothem.depthreference,FALSE,FALSE,depth measured from the top or the bottom of the core; dropdown list option,The speleothem is sectioned in cross section and sampled in the axis of drip,FALSE,,,"[""from top"",
""from base"",
""not applicable""]",,,,,,,
sisal,Entity,geology,ndb.speleothem.geology,FALSE,FALSE,the actual geology (rock-type) from a dropdown list,Speleothems may have different geologies within a single site depending on their position,FALSE,,,"[""limestone"",
""dolomite"",
""marble"",
""dolomitic limestone"",
""marly limestone"",
""calcarenite"",
""gypsum"",
""mixed (add note to notes sheet)"",
""other (add note to notes sheet)"",
""unknown""]",,,,,,,
sisal,Entity,rock_age,ndb.speleothem.relativeageid,FALSE,FALSE,the actual rock age (geological age) from a dropdown list,This table exists within  ndb.relativeages,FALSE,,,"[""Holocene"",
""Pleistocene"",
""Pliocene"",
""Miocene"",
""Oligocene"",
""Eocene"",
""Palaeocene"",
""Cretaceous"",
""Jurassic"",
""Triassic"",
""Permian"",
""Carboniferous"",
""Devonian"",
""Silurian"",
""Ordovician"",
""Cambrian"",
""Precambrian"",
""mixed (add note to notes sheet)"",
""other (add note to notes sheet)"",
""unknown""]",,,,,,,
sisal,Entity,wokam (*),--,FALSE,FALSE,externally sourced dataset from the world karst aquifer mapping project (WOKAM) filled at database level from WOKAM shapefiles,External data layer,FALSE,,,,,,,,,,
sisal,Entity,vegetation_type (*),ndb.speleothem.vegetation,FALSE,FALSE,actual vegetation type filled from dropddown list options by authors or from publications ,"As above, a long cave may cross multiple vegetation types.",FALSE,,,"[""evergreen"",
""deciduous"",
""shrubland"",
""grassland"",
""sparse"",
""barren"",
""mixed (add note to notes sheet)"",
""other (add note to notes sheet)"",
""unknown""]",,,,,,,
sisal,Entity,land_use (*),ndb.speleothem.landuse,FALSE,FALSE,actual land use type filled from dropddown list options by authors or from publications ,"As above, a long cave may cross multiple vegetation types.",FALSE,,,"[""water body"",
""wetland"",
""forest"",
""farmland"",
""pasture"",
""concrete and built up"",
""mixed (add note to notes sheet)"",
""other (add note to notes sheet)"",
""unknown""]",,,,,,,
sisal,Entity,copernicus_lcc (*),ndb.speleothem.copernicus_lcc,FALSE,FALSE,externally sourced dataset filled at database level from shape files,Satelite based,FALSE,,,,,,,,,,
sisal,Entity,cover_type (*),ndb.speleothem.covertype,FALSE,FALSE,actual cover type filled from dropddown list options by authors or from publications ,FROM AUTHOR,FALSE,,,"[""thick"",
""thin"",
""patchy"",
""barren"",
""mixed (add note to notes sheet)"",
""other (add note to notes sheet)"",
""unknown""]
",,,,,,,
sisal,Entity,cover_thickness,ndb.speleothem.coverthickness,FALSE,FALSE,actual cover thickness as a 'number',,FALSE,,,,,,,,,,
sisal,Entity,"host_rock_
trace_elements (*)",ndb.externalspeleothem.id,FALSE,FALSE,yes or no question ,This would point ot the DOI and we'd add a notes indicating what's there.,FALSE,,,TRUE/FALSE,,,,,,,
sisal,Entity,"drip_water_
trace_elements (*)",ndb.externalspeleothem.id,FALSE,FALSE,yes or no question ,This would point ot the DOI and we'd add a notes indicating what's there.,FALSE,,,,,,,,,,
sisal,Entity,distance_entrance,ndb.speleothem.distance,FALSE,FALSE,actual distance of speleothem from the cave entrance as a 'number',Are these in standard units?,FALSE,,,,,,,,,,
sisal,Entity,speleothem_type,ndb.speleothem.speleothemtypeid,FALSE,FALSE,"actual speleothem type (stalagmite, stalactite, composite, flowstone) from dropdown list options",We'd then need a speleothem type table.,FALSE,,,"[""stalagmite"",
""stalactite"",
""flowstone"",
""composite"",
""mixed (add note to notes sheet)"",
""other (add note to notes sheet)"",
""unknown""]
",,,,,,,
sisal,Entity,drip_type,ndb.speleothem.driptypeid,FALSE,FALSE,actual drip type (e.g. seasonal etc) from dropdown list options,We need a drip type table.,FALSE,,,"[""seepage flow"",
""seasonal drip"",
""fast flow"",
""mixed (add note to notes sheet)"",
""other (add note to notes sheet)"",
""unknown""]
",,,,,,,
sisal,Entity,drip_height (*),ndb.speleothem.dripheightid,FALSE,FALSE,height of drip from stalagmite / flowstone as a number,,FALSE,,,,,,,,,,
sisal,Entity,d13C,ndb.externalspeleothem.id,FALSE,FALSE,"asks the question 'if this dataset has been made available in the database', yes or no, checked at database level",This is for external data if it's measured but not reported in SISAL,FALSE,,,"[""yes"",""no""]",,,,,,,
sisal,Entity,d18O,ndb.externalspeleothem.id,FALSE,FALSE,"asks the question 'if this dataset has been made available in the database', yes or no, checked at database level",This is for external data if it's measured but not reported in SISAL,FALSE,,,"[""yes"",""no""]",,,,,,,
sisal,Entity,iso_std,ndb.isostandards.isostandardtypeid,FALSE,FALSE,isotope measurement standard as 'PDB' or 'VPDB' filled by authors,"Links to ndb.isostandards (currently empty, but we can populate it)",FALSE,,,"[""PDB"",""Vienna-PDB""]",,,,,,,
sisal,Entity,"d18O_water
equilibrium",,FALSE,FALSE,"whether there were equilibrium conditions or not during speleothem precipitation, yes or no question",???,FALSE,,,"[""yes"",""no"",""unknown"",
""other (add note to notes sheet)""]",,,,,,,
sisal,Entity,"d18O_dripwater_
carbonate_difference(*)",ndb.speleothem.dripwatercarbonatedifference,FALSE,FALSE,actual measurement given as a number by authors,Feels like we could do better. . . ,FALSE,,,,,,,,,,
sisal,Entity,organics,ndb.speleothem.organics,FALSE,FALSE,"asks the question, ' whether these measurements are available for the speleothem or not', the database at the moment doesn't allow entry of actual measured values, authors only select dropdown list options of yes, no or unknown.",,FALSE,,,"[""yes"",""no"",""unknown"",
""other (add note to notes sheet)""]",,,,,,,
sisal,Entity,fluid_inclusions,ndb.speleothem.fluidinclusions,FALSE,FALSE,"asks the question, ' whether these measurements are available for the speleothem or not', the database at the moment doesn't allow entry of actual measured values, authors only select dropdown list options of yes, no or unknown.",,FALSE,,,"[""yes"",""no"",""unknown"",
""other (add note to notes sheet)""]",,,,,,,
sisal,Entity,mineralogy_petrology_fabrics,ndb.speleothem.mineralogy_petrology_fabrics,FALSE,FALSE,"asks the question, ' whether these measurements are available for the speleothem or not', the database at the moment doesn't allow entry of actual measured values, authors only select dropdown list options of yes, no or unknown.",,FALSE,,,"[""yes"",""no"",""unknown"",
""other (add note to notes sheet)""]",,,,,,,
sisal,Entity,clumped_isotopes,ndb.speleothem.clumped_isotopes,FALSE,FALSE,"asks the question, ' whether these measurements are available for the speleothem or not', the database at the moment doesn't allow entry of actual measured values, authors only select dropdown list options of yes, no or unknown.",,FALSE,,,"[""yes"",""no"",""unknown"",
""other (add note to notes sheet)""]",,,,,,,
sisal,Entity,noble_gas_temperatures,ndb.speleothem.nobel_gas_temperatures,FALSE,FALSE,"asks the question, ' whether these measurements are available for the speleothem or not', the database at the moment doesn't allow entry of actual measured values, authors only select dropdown list options of yes, no or unknown.",,FALSE,,,"[""yes"",""no"",""unknown"",
""other (add note to notes sheet)""]",,,,,,,
sisal,Entity,C14,ndb.geochroncontrols. . . ,FALSE,FALSE,"asks the question, ' whether these measurements are available for the speleothem or not', the database at the moment doesn't allow entry of actual measured values, authors only select dropdown list options of yes, no or unknown.",Is this not then linked to the geochronology table?,FALSE,,,"[""yes"",""no"",""unknown"",
""other (add note to notes sheet)""]",,,,,,,
sisal,Entity,ODL,ndb.geochroncontrols. . . ,FALSE,FALSE,"asks the question, ' whether these measurements are available for the speleothem or not', the database at the moment doesn't allow entry of actual measured values, authors only select dropdown list options of yes, no or unknown.",,FALSE,,,"[""yes"",""no"",""unknown"",
""other (add note to notes sheet)""]",,,,,,,
sisal,Entity,Sr_Ca (*),--,FALSE,FALSE,"asks the question 'if this dataset has been made available in the database', yes or no, checked at database level","I think this winds up coming from ndb.variables, because an absence there indicates it is not measured.",FALSE,,,"[""yes"",""no"",""unknown"",
""other (add note to notes sheet)""]",,,,,,,
sisal,Entity,Sr_Ca_method (*),ndb.isoinstrumentation.isointrumentationtypeid,FALSE,FALSE,selection by authors from dropdown list options,Already part of the Neotoma model.,FALSE,,,"[""solution ICP-MS"",
""solution OES-MS"",
""solution ICP-AES"",
""synchroton XRF"",
""micro XRF"",
""micro XRF (ITRAX)"",
""LA-ICP-MS"",
""LA-ICP-AES"",
""SIMS"",
""Electron Microprobe (EPMA)"",
""TIMS"",
""other (add note to notes sheet)"",
""unknown""]",,,,,,,
sisal,Entity,Sr_Ca_std (*),ndb.isostandards.isostandardtypeid,FALSE,FALSE,selection by authors from dropdown list options,Already part of the Neotoma model.,FALSE,,,"[""NIST SRM 610"",
""NIST SRM 612"",
""NIST SRM 614"",
""CaCO3 (NIST SRM 915a)"",
""SrCO3 (NIST SRM 987)"",
""MACS-1"",
""MACS-3"",
""standard stock solutons of known concentrations"", 
""multi-element standards pre-calibrated by Merck etc."",
""Japanese coral standard JCP-1 doped with single element standards of known concentrations"",
""metal standards"",
""other (add note to notes sheet)"",
""unknown""]",,,,,,,
sisal,Entity,"Sr_Ca_
downsampled (*)",???,FALSE,FALSE,,sjg - I'm not sure. I don't understand where this fits in the current Neotoma model of isotope measurements.,FALSE,,,"[""No-not applicable"",
""No-aliquots of same powder used for stable isotope and trace element measurements."",
""No-but different powders used for stable isotope and trace element measurements."",
""Yes-author downsampled"",
""Yes-SISAL downsampled"",
""other (add note to notes sheet)"",
""unknown""]",,,,,,,
sisal,Entity,"Sr_Ca_
downsampling
_method (*)",???,FALSE,FALSE,selection by authors from dropdown list options,sjg - I'm not sure. I don't understand where this fits in the current Neotoma model of isotope measurements.,FALSE,,,"[""running average/mean"",
""linear interpolation"",
""NESTool - kernel based downsampling"",
""IgorPro - linear smoothing splines"",
""IgorPro - interpolation"",
""Binned average"",
""Savitzky-Golay filter"",
""Gaussian kernel"",
""Loess"",
""Lowess"",
""MATLAB - interpolation"",
""other (add note to notes sheet)"",
""unknown""]",,,,,,,
sisal,Entity,Mg_Ca (*),--,FALSE,FALSE,"asks the question 'if this dataset has been made available in the database', yes or no, checked at database level","I think this winds up coming from ndb.variables, because an absence there indicates it is not measured.",FALSE,,,"[""yes"",""no"",""unknown"",
""other (add note to notes sheet)""]",,,,,,,
sisal,Entity,Mg_Ca_method (*),ndb.isoinstrumentation.isointrumentationtypeid,FALSE,FALSE,selection by authors from dropdown list options,,FALSE,,,"[""solution ICP-MS"",
""solution OES-MS"",
""solution ICP-AES"",
""synchroton XRF"",
""micro XRF"",
""micro XRF (ITRAX)"",
""LA-ICP-MS"",
""LA-ICP-AES"",
""SIMS"",
""Electron Microprobe (EPMA)"",
""TIMS"",
""other (add note to notes sheet)"",
""unknown""]",,,,,,,
sisal,Entity,Mg_Ca_std (*),ndb.isostandards.isostandardtypeid,FALSE,FALSE,selection by authors from dropdown list options,,FALSE,,,"[""NIST SRM 610"",
""NIST SRM 612"",
""NIST SRM 614"",
""CaCO3 (NIST SRM 915a)"",
""SrCO3 (NIST SRM 987)"",
""MACS-1"",
""MACS-3"",
""standard stock solutons of known concentrations"", 
""multi-element standards pre-calibrated by Merck etc."",
""Japanese coral standard JCP-1 doped with single element standards of known concentrations"",
""metal standards"",
""other (add note to notes sheet)"",
""unknown""]",,,,,,,
sisal,Entity,"Mg_Ca_
downsampled (*)",???,FALSE,FALSE,yes or no question,,FALSE,,,"[""No-not applicable"",
""No-aliquots of same powder used for stable isotope and trace element measurements."",
""No-but different powders used for stable isotope and trace element measurements."",
""Yes-author downsampled"",
""Yes-SISAL downsampled"",
""other (add note to notes sheet)"",
""unknown""]",,,,,,,
sisal,Entity,"Mg_Ca_
downsampling
_method (*)",???,FALSE,FALSE,selection by authors from dropdown list options,,FALSE,,,"[""running average/mean"",
""linear interpolation"",
""NESTool - kernel based downsampling"",
""IgorPro - linear smoothing splines"",
""IgorPro - interpolation"",
""Binned average"",
""Savitzky-Golay filter"",
""Gaussian kernel"",
""Loess"",
""Lowess"",
""MATLAB - interpolation"",
""other (add note to notes sheet)"",
""unknown""]",,,,,,,
sisal,Entity,Ba_Ca (*),--,FALSE,FALSE,"asks the question 'if this dataset has been made available in the database', yes or no, checked at database level",,FALSE,,,"[""yes"",""no"",""unknown"",
""other (add note to notes sheet)""]",,,,,,,
sisal,Entity,Ba_Ca_method (*),ndb.isoinstrumentation.isointrumentationtypeid,FALSE,FALSE,selection by authors from dropdown list options,,FALSE,,,"[""solution ICP-MS"",
""solution OES-MS"",
""solution ICP-AES"",
""synchroton XRF"",
""micro XRF"",
""micro XRF (ITRAX)"",
""LA-ICP-MS"",
""LA-ICP-AES"",
""SIMS"",
""Electron Microprobe (EPMA)"",
""TIMS"",
""other (add note to notes sheet)"",
""unknown""]",,,,,,,
sisal,Entity,Ba_Ca_std (*),ndb.isostandards.isostandardtypeid,FALSE,FALSE,selection by authors from dropdown list options,,FALSE,,,"[""NIST SRM 610"",
""NIST SRM 612"",
""NIST SRM 614"",
""CaCO3 (NIST SRM 915a)"",
""SrCO3 (NIST SRM 987)"",
""MACS-1"",
""MACS-3"",
""standard stock solutons of known concentrations"", 
""multi-element standards pre-calibrated by Merck etc."",
""Japanese coral standard JCP-1 doped with single element standards of known concentrations"",
""metal standards"",
""other (add note to notes sheet)"",
""unknown""]",,,,,,,
sisal,Entity,"Ba_Ca_
downsampled (*)",???,FALSE,FALSE,yes or no question,,FALSE,,,"[""No-not applicable"",
""No-aliquots of same powder used for stable isotope and trace element measurements."",
""No-but different powders used for stable isotope and trace element measurements."",
""Yes-author downsampled"",
""Yes-SISAL downsampled"",
""other (add note to notes sheet)"",
""unknown""]",,,,,,,
sisal,Entity,"Ba_Ca_
downsampling
_method (*)",???,FALSE,FALSE,selection by authors from dropdown list options,,FALSE,,,"[""running average/mean"",
""linear interpolation"",
""NESTool - kernel based downsampling"",
""IgorPro - linear smoothing splines"",
""IgorPro - interpolation"",
""Binned average"",
""Savitzky-Golay filter"",
""Gaussian kernel"",
""Loess"",
""Lowess"",
""MATLAB - interpolation"",
""other (add note to notes sheet)"",
""unknown""]",,,,,,,
sisal,Entity,U_Ca (*),--,FALSE,FALSE,"asks the question 'if this dataset has been made available in the database', yes or no, checked at database level",,FALSE,,,"[""yes"",""no"",""unknown"",
""other (add note to notes sheet)""]",,,,,,,
sisal,Entity,U_Ca_method (*),ndb.isoinstrumentation.isointrumentationtypeid,FALSE,FALSE,selection by authors from dropdown list options,,FALSE,,,"[""solution ICP-MS"",
""solution OES-MS"",
""solution ICP-AES"",
""synchroton XRF"",
""micro XRF"",
""micro XRF (ITRAX)"",
""LA-ICP-MS"",
""LA-ICP-AES"",
""SIMS"",
""Electron Microprobe (EPMA)"",
""TIMS"",
""other (add note to notes sheet)"",
""unknown""]",,,,,,,
sisal,Entity,U_Ca_std (*),ndb.isostandards.isostandardtypeid,FALSE,FALSE,selection by authors from dropdown list options,,FALSE,,,"[""NIST SRM 610"",
""NIST SRM 612"",
""NIST SRM 614"",
""CaCO3 (NIST SRM 915a)"",
""SrCO3 (NIST SRM 987)"",
""MACS-1"",
""MACS-3"",
""standard stock solutons of known concentrations"", 
""multi-element standards pre-calibrated by Merck etc."",
""Japanese coral standard JCP-1 doped with single element standards of known concentrations"",
""metal standards"",
""other (add note to notes sheet)"",
""unknown""]",,,,,,,
sisal,Entity,"U_Ca_
downsampled (*)",???,FALSE,FALSE,yes or no question,,FALSE,,,"[""No-not applicable"",
""No-aliquots of same powder used for stable isotope and trace element measurements."",
""No-but different powders used for stable isotope and trace element measurements."",
""Yes-author downsampled"",
""Yes-SISAL downsampled"",
""other (add note to notes sheet)"",
""unknown""]",,,,,,,
sisal,Entity,"U_Ca_
downsampling
_method (*)",???,FALSE,FALSE,selection by authors from dropdown list options,,FALSE,,,"[""running average/mean"",
""linear interpolation"",
""NESTool - kernel based downsampling"",
""IgorPro - linear smoothing splines"",
""IgorPro - interpolation"",
""Binned average"",
""Savitzky-Golay filter"",
""Gaussian kernel"",
""Loess"",
""Lowess"",
""MATLAB - interpolation"",
""other (add note to notes sheet)"",
""unknown""]",,,,,,,
sisal,Entity,P_Ca (*),--,FALSE,FALSE,"asks the question 'if this dataset has been made available in the database', yes or no, checked at database level",,FALSE,,,"[""yes"",""no"",""unknown"",
""other (add note to notes sheet)""]",,,,,,,
sisal,Entity,P_Ca_method (*),ndb.isoinstrumentation.isointrumentationtypeid,FALSE,FALSE,selection by authors from dropdown list options,,FALSE,,,"[""solution ICP-MS"",
""solution OES-MS"",
""solution ICP-AES"",
""synchroton XRF"",
""micro XRF"",
""micro XRF (ITRAX)"",
""LA-ICP-MS"",
""LA-ICP-AES"",
""SIMS"",
""Electron Microprobe (EPMA)"",
""TIMS"",
""other (add note to notes sheet)"",
""unknown""]",,,,,,,
sisal,Entity,P_Ca_std (*),ndb.isostandards.isostandardtypeid,FALSE,FALSE,selection by authors from dropdown list options,,FALSE,,,"[""NIST SRM 610"",
""NIST SRM 612"",
""NIST SRM 614"",
""CaCO3 (NIST SRM 915a)"",
""SrCO3 (NIST SRM 987)"",
""MACS-1"",
""MACS-3"",
""standard stock solutons of known concentrations"", 
""multi-element standards pre-calibrated by Merck etc."",
""Japanese coral standard JCP-1 doped with single element standards of known concentrations"",
""metal standards"",
""other (add note to notes sheet)"",
""unknown""]",,,,,,,
sisal,Entity,"P_Ca_
downsampled (*)",???,FALSE,FALSE,yes or no question,,FALSE,,,"[""No-not applicable"",
""No-aliquots of same powder used for stable isotope and trace element measurements."",
""No-but different powders used for stable isotope and trace element measurements."",
""Yes-author downsampled"",
""Yes-SISAL downsampled"",
""other (add note to notes sheet)"",
""unknown""]",,,,,,,
sisal,Entity,"P_Ca_
downsampling
_method (*)",???,FALSE,FALSE,selection by authors from dropdown list options,,FALSE,,,"[""running average/mean"",
""linear interpolation"",
""NESTool - kernel based downsampling"",
""IgorPro - linear smoothing splines"",
""IgorPro - interpolation"",
""Binned average"",
""Savitzky-Golay filter"",
""Gaussian kernel"",
""Loess"",
""Lowess"",
""MATLAB - interpolation"",
""other (add note to notes sheet)"",
""unknown""]",,,,,,,
sisal,Entity,Sr_isotopes (*),--,FALSE,FALSE,"asks the question 'if this dataset has been made available in the database', yes or no, checked at database level",,FALSE,,,"[""yes"",""no"",""unknown"",
""other (add note to notes sheet)""]",,,,,,,
sisal,Entity,"Sr_isotopes
_method (*)",ndb.isoinstrumentation.isointrumentationtypeid,FALSE,FALSE,selection by authors from dropdown list options,,FALSE,,,"[""solution ICP-MS"",
""solution OES-MS"",
""solution ICP-AES"",
""synchroton XRF"",
""micro XRF"",
""micro XRF (ITRAX)"",
""LA-ICP-MS"",
""LA-ICP-AES"",
""SIMS"",
""Electron Microprobe (EPMA)"",
""TIMS"",
""other (add note to notes sheet)"",
""unknown""]",,,,,,,
sisal,Entity,Sr_isotopes_std (*),ndb.isostandards.isostandardtypeid,FALSE,FALSE,selection by authors from dropdown list options,,FALSE,,,"[""NIST SRM 610"",
""NIST SRM 612"",
""NIST SRM 614"",
""CaCO3 (NIST SRM 915a)"",
""SrCO3 (NIST SRM 987)"",
""MACS-1"",
""MACS-3"",
""standard stock solutons of known concentrations"", 
""multi-element standards pre-calibrated by Merck etc."",
""Japanese coral standard JCP-1 doped with single element standards of known concentrations"",
""metal standards"",
""other (add note to notes sheet)"",
""unknown""]",,,,,,,
sisal,Entity,"trace_elements
_datafile (*)",,FALSE,FALSE,"asks the question 'if this has been made available with the database version in the repository', yes or no, checked at database level",Does this go into the database as values?,FALSE,,,"[""yes"",""no"",""unknown"", ""other (add note to notes sheet)""]",,,,,,,
sisal,Entity,"trace_elements
_metadatafile (*)",,FALSE,FALSE,"asks the question 'if this has been made available with the database version in the repository', yes or no, checked at database level",,FALSE,,,"[""yes"",""no"",""unknown"", ""other (add note to notes sheet)""]",,,,,,,
sisal,Entity,cave_map (*),ndb.speleothem.imagemap,FALSE,FALSE,"asks the question 'if this has been made available with the database version in the repository', yes or no, checked at database level",External links?,FALSE,,,"[""yes"",""no"",""unknown"", ""other (add note to notes sheet)""]",,,,,,,
sisal,Entity,entity_scan (*),ndb.speleothem.entityscan,FALSE,FALSE,"asks the question 'if this has been made available with the database version in the repository', yes or no, checked at database level",External links?,FALSE,,,"[""yes"",""no"",""unknown"", ""other (add note to notes sheet)""]",,,,,,,
sisal,Entity,contact,ndb.datasetpis,FALSE,FALSE,name of author / data contributor / sisal coordinator that handled the primary data entry,,FALSE,,,,,,,,,,
sisal,Entity,data_DOI_url,ndb.externaldata,FALSE,FALSE,"e.g. NOAA, Pangaea (doesn't accept manuscript DOI)",,FALSE,,,,,,,,,,
sisal,Sample,entity_id,ndb.speleothem.entityid,FALSE,FALSE,database level,,FALSE,,,,,,,,,,
sisal,Sample,sample_id,ndb.analysisunits.analysisunitid,FALSE,FALSE,database level,,FALSE,,,,,,,,,,
sisal,Sample,sample_thickness,ndb.analysisunits.thickness,FALSE,FALSE,number,,FALSE,,,,,,,,,,
sisal,Sample,depth_sample,ndb.analysisunits.depth,FALSE,FALSE,number,,FALSE,,,,,,,,,,
sisal,Sample,mineralogy,ndb.analysisunits.faciesid,FALSE,FALSE,dropdown list options,,FALSE,,,"[""calcite"",
""secondary calcite"",
""aragonite"",
""vaterite"",
""mixed (add note to notes sheet)"",
""other (add note to notes sheet)"",
""unknown""]",,,,,,,
sisal,Sample,arag_corr,???,FALSE,FALSE,yes or no question. Standards used for isotope emasurements are typically composed of calcite even if the samples are composed of aragonite. A correction (~0.6 per mille) may or maynot be made for this.,Not sure where to do this. Aragonite correction?,FALSE,,,"[""yes"",
""no"",
""not applicable"",
""unknown""]
",,,,,,,
sisal,Dating,dating_id,ndb.chroncontrols.chroncontrolid,FALSE,FALSE,database level,,FALSE,,,,,,,,,,
sisal,Dating,entity_id,--,FALSE,FALSE,database level,This is tied to the collectionunitid through the site/entity.,FALSE,,,,,,,,,,
sisal,Dating,date_type,ndb.chroncontrols.chroncontroltypeid,FALSE,FALSE,dropdown list options,,FALSE,,,"[""C14"",
""MC-ICP-MS U/Th"",
""ICP-MS U/Th Other"",
""Alpha U/Th"",
""TIMS"",
""U/Th unspecified"",
""Cross-dating"",
""Multiple methods"",
""Event; hiatus"",
""Event; actively forming"",
""Event; start of laminations"",
""Event; end of laminations"",
""other (add note to notes sheet)"",
""unknown""]",,,,,,,
sisal,Dating,depth_dating,ndb.chroncontrols.depth,FALSE,FALSE,number,Should be tied to the analysisunit from which its pulled,FALSE,,,,,,,,,,
sisal,Dating,dating_thickness,ndb.chroncontrols.thickness,FALSE,FALSE,number,,FALSE,,,,,,,,,,
sisal,Dating,lab_num,ndb.geochronology.labnumber,FALSE,FALSE,alphanumeric,,FALSE,,,,,,,,,,
sisal,Dating,material_dated,ndb.geochronology.materialdated,FALSE,FALSE,dropdown list options,This is a free-form field. Maybe we should actually create a table for it?,FALSE,,,"[""calcite"",
""aragonite"",
""organic"",
""mixed (add note to notes sheet)"",
""other (add note to notes sheet)"",
""unknown""]",,,,,,,
sisal,Dating,min_weight,???,FALSE,FALSE,number,"Not currently supported, but makes sense to include it.",FALSE,,,,,,,,,,
sisal,Dating,max_weight,???,FALSE,FALSE,number,"Not currently supported, but makes sense to include it.",FALSE,,,,,,,,,,
sisal,Dating,uncorr_age,ndb.geochronology.age,FALSE,FALSE,number,,FALSE,,,,,,,,,,
sisal,Dating,uncorr_age_uncert_pos,ndb.geochronology.errorolder,FALSE,FALSE,number,,FALSE,,,,,,,,,,
sisal,Dating,uncorr_age_uncert_neg,ndb.geochronology.erroryounger,FALSE,FALSE,number,,FALSE,,,,,,,,,,
sisal,Dating,14C_correction,ndb.radiocarbon.resevoir,FALSE,FALSE,percentage,Is this for calcium/resevoir correction?,FALSE,,,,,,,,,,
sisal,Dating,calib_used,ndb.chroncontrolscal14.calibrationcurveid,FALSE,FALSE,dropdown list options,,FALSE,,,"[""INTCAL13 NH"",
""INTCAL13 SH"",
""INTCAL13 marine"",
""INTCAL09"",
""INTCAL09 marine"",
""INTCAL04 NH"",
""INTCAL04 SH"",
""INTCAL98"",
""FAIRBANKS09"",
""not calibrated"",
""unknown""]",,,,,,,
sisal,Dating,date_used,--,FALSE,FALSE,yes or no question,"This gets sorted in the chronology. A collectionunit can have multiple geochron elements associated with it, but they aren't neccessarily used in the specific chronology.",FALSE,,,"[""yes"",""no"",""mixed (add note to notesheet)""]",,,,,,,
sisal,Dating,238U_content,???,FALSE,FALSE,number,"We may have to rethink the 210Pb stuff, depending on how we want to handle this all.",FALSE,,,,,,,,,,
sisal,Dating,238U_uncertainty,???,FALSE,FALSE,number,,FALSE,,,,,,,,,,
sisal,Dating,232Th_content,???,FALSE,FALSE,number,,FALSE,,,,,,,,,,
sisal,Dating,232Th_uncertainty,???,FALSE,FALSE,number,,FALSE,,,,,,,,,,
sisal,Dating,230Th_content,???,FALSE,FALSE,number,,FALSE,,,,,,,,,,
sisal,Dating,230Th_uncertainty,???,FALSE,FALSE,number,,FALSE,,,,,,,,,,
sisal,Dating,230Th_232Th_ratio,???,FALSE,FALSE,number,,FALSE,,,,,,,,,,
sisal,Dating,"230Th_232Th
_ratio_uncertainty",???,FALSE,FALSE,number,,FALSE,,,,,,,,,,
sisal,Dating,230Th_238U_activity,???,FALSE,FALSE,number,,FALSE,,,,,,,,,,
sisal,Dating,"230Th_238U
_activity_uncertainty",???,FALSE,FALSE,number,,FALSE,,,,,,,,,,
sisal,Dating,234U_238U_activity,???,FALSE,FALSE,number,,FALSE,,,,,,,,,,
sisal,Dating,"234U_238U
_activity_uncertainty",???,FALSE,FALSE,number,,FALSE,,,,,,,,,,
sisal,Dating,ini_230Th_232Th_ratio,???,FALSE,FALSE,number,,FALSE,,,,,,,,,,
sisal,Dating,"ini_230Th_232Th
_ratio_uncertainty",???,FALSE,FALSE,number,,FALSE,,,,,,,,,,
sisal,Dating,decay_constant,???,FALSE,FALSE,dropdown list options,,FALSE,,,"[""Cheng et al. 2000"",
""Cheng et al. 2013"",
""Edwards et al. 1987"",
""Ivanovich & Harmon 1992"",
""other (add note to notes sheet)"",
""unknown""]",,,,,,,
sisal,Dating,corr_age,ndb.chroncontrols.age,FALSE,FALSE,number,,FALSE,,,,,,,,,,
sisal,Dating,corr_age_uncert_pos,ndb.chroncontrols.agelimitolder,FALSE,FALSE,number,,FALSE,,,,,,,,,,
sisal,Dating,corr_age_uncert_neg,ndb.chroncontrols.agelimityounger,FALSE,FALSE,number,,FALSE,,,,,,,,,,
sisal,Dating,date_used_lin_interp,---,FALSE,FALSE,"database level, yes or no question, asks if the date was used to create SISAL standard chronology",,FALSE,,,"[""yes"",""no""]",,,,,,,
sisal,Dating,date_used_lin_reg,---,FALSE,FALSE,"database level, yes or no question, asks if the date was used to create SISAL standard chronology",,FALSE,,,"[""yes"",""no""]",,,,,,,
sisal,Dating,date_used_Bchron,---,FALSE,FALSE,"database level, yes or no question, asks if the date was used to create SISAL standard chronology",,FALSE,,,"[""yes"",""no""]",,,,,,,
sisal,Dating,date_used_Bacon,---,FALSE,FALSE,"database level, yes or no question, asks if the date was used to create SISAL standard chronology",,FALSE,,,"[""yes"",""no""]",,,,,,,
sisal,Dating,date_used_OxCal,---,FALSE,FALSE,"database level, yes or no question, asks if the date was used to create SISAL standard chronology",,FALSE,,,"[""yes"",""no""]",,,,,,,
sisal,Dating,date_used_copRa,---,FALSE,FALSE,"database level, yes or no question, asks if the date was used to create SISAL standard chronology",,FALSE,,,"[""yes"",""no""]",,,,,,,
sisal,Dating,date_used_StalAge,---,FALSE,FALSE,"database level, yes or no question, asks if the date was used to create SISAL standard chronology",,FALSE,,,"[""yes"",""no""]",,,,,,,
sisal,Dating lamina,dating_lamina_id,,FALSE,FALSE,database level,,FALSE,,,,,,,,,,
sisal,Dating lamina,entity_id,,FALSE,FALSE,database level,,FALSE,,,,,,,,,,
sisal,Dating lamina,depth_lam,,FALSE,FALSE,number,,FALSE,,,,,,,,,,
sisal,Dating lamina,lam_thickness,,FALSE,FALSE,number,,FALSE,,,,,,,,,,
sisal,Dating lamina,lam_age,,FALSE,FALSE,number,,FALSE,,,,,,,,,,
sisal,Dating lamina,lam_age_uncert_pos,,FALSE,FALSE,number,,FALSE,,,,,,,,,,
sisal,Dating lamina,lam_age_uncert_neg,,FALSE,FALSE,number,,FALSE,,,,,,,,,,
sisal,Hiatus,sample_id,,FALSE,FALSE,database level,,FALSE,,,,,,,,,,
sisal,Hiatus,hiatus,,FALSE,FALSE,symbol 'H' from dropdown list if there is a hiatus at this depth,Currently this is stuck in the chronology notes.,FALSE,,,"[""H"",""""]",,,,,,,
sisal,Gap,sample_id,,FALSE,FALSE,database level,,FALSE,,,,,,,,,,
sisal,Gap,gap,,FALSE,FALSE,symbol 'G' from dropdown list if there is a Gap at this depth; applies only to composites,Currently this is stuck in the chronology notes.,FALSE,,,"[""G"",""""]",,,,,,,
sisal,Original chronology,sample_id,ndb.sampleid,FALSE,FALSE,database level,,FALSE,,,,,,,,,,
sisal,Original chronology,interp_age,ndb.samples.age,FALSE,FALSE,number,"Need to define ""agetype""",FALSE,,,,,,,,,,
sisal,Original chronology,interp_age_uncert_pos,ndb.samples.ageolder,FALSE,FALSE,number,Assumes that age uncertainty is in calibrated radiocarbon years.,FALSE,,,,,,,,,,
sisal,Original chronology,interp_age_uncert_neg,ndb.samples.ageyounger,FALSE,FALSE,number,Assumes that age uncertainty is in calibrated radiocarbon years.,FALSE,,,,,,,,,,
sisal,Original chronology,age_model_type,ndb.chronologies.agemodel,FALSE,FALSE,dropdown list option,,FALSE,,,"[""linear"",
""linear between dates"",
""polynomial fit"",
""polynomial fit omitting outliers"",
""Bayesian"",
""Bayesian Bacon"",
""Bayesian Bchron"",
""StalAge"",
""StalAge and other"",
""Clam"",
""COPRA"",
""OxCal"",
""mixed (add note to notes sheet)"",
""other (add note to notes sheet)"",
""unknown""]",,,,,,,
sisal,Original chronology,ann_lam_check,,FALSE,FALSE,dropdown list option,,FALSE,,,"[""14C peak"",
""14C slope"",
""U/Th cycle"",
""trace element cycle"",
""assumed"",
""not applicable"",
""other (add note to notes sheet)"",
""unknown""]",,,,,,,
sisal,Original chronology,dep_rate_check,,FALSE,FALSE,dropdown list option,,FALSE,,,"[""yes"",
""no"",
""assumed"",
""not applicable"",
""other (add note to notes sheet)"",
""unknown""]",,,,,,,
sisal,d13C,d13C_ measurement,ndb.data.values,FALSE,FALSE,number,,FALSE,float,> 0,,,d13C,,,d13C_precision,,"""Precision"""
sisal,d18O,d18O_ measurement,ndb.data.values,FALSE,FALSE,number,,FALSE,float,> 0,,,d18O,,,d18O_precision,,"""Precision"""
sisal,Sr_Ca,Sr_Ca_measurement,ndb.data.values,FALSE,FALSE,number,,FALSE,float,> 0,,,Sr_Ca,,,Sr_Ca_precision,,"""Precision"""
sisal,Mg_Ca,Mg_Ca_measurement,ndb.data.values,FALSE,FALSE,number,,FALSE,float,> 0,,,Mg_Ca,,,Mg_Ca_precision,,"""Precision"""
sisal,Ba_Ca,Ba_Ca_measurement,ndb.data.values,FALSE,FALSE,number,,FALSE,float,> 0,,,Ba_Ca,,,Ba_Ca_precision,,"""Precision"""
sisal,U_Ca,U_Ca_measurement,ndb.data.values,FALSE,FALSE,number,,FALSE,float,> 0,,,U_Ca,,,U_Ca_precision,,"""Precision"""
sisal,P_Ca,P_Ca_measurement,ndb.data.values,FALSE,FALSE,number,,FALSE,float,> 0,,,P_Ca,,,P_Ca_precision,,"""Precision"""
sisal,Sr_isotopes,Sr_isotopes_measurement,ndb.data.values,FALSE,FALSE,number,,FALSE,float,> 0,,,Sr_isotopes,,,Sr_isotopes_precision,,
sisal,Reference,citation,ndb.publications.citation,FALSE,FALSE,alphanumeric,,FALSE,string,,,,,,,,,
sisal,Reference,publication_doi,ndb.publications.doi,FALSE,FALSE,alphanumeric,,FALSE,string,Valid DOI regex,,,,,,,,
sisal,Entity link reference,entity_id,ndb.speleothems.speleothemid,FALSE,FALSE,database level,,FALSE,,,,,,,,,,
sisal,Entity link reference,ref_id,ndb.speleothems.speleothemid,FALSE,FALSE,database level; links multiple references to single entity,,FALSE,,,,,,,,,,
sisal,Composite link entity,composite_entity_id,ndb.aggregatedatasets,FALSE,FALSE,database level,,FALSE,,,,,,,,,,
sisal,Composite link entity,single_entity_id,ndb.speleothems.speleothemid,FALSE,FALSE,database level,,FALSE,,,,,,,,,,
sisal,Notes,site_id,ndb.siteid,FALSE,FALSE,database level,,FALSE,,,,,,,,,,
sisal,Notes,notes,ndb.sites.sitenotes,FALSE,FALSE,All notes in SISAL are at site level only.,,FALSE,,,,,,,,,,
sisal,SISAL chronology,sample_id,ndb.sampleages.sampleid,FALSE,FALSE,database level,,FALSE,,,,,,,,,,
sisal,SISAL chronology,lin_interp_age,ndb.sampleages.age,FALSE,FALSE,number,,FALSE,,,,,,,,,,
sisal,SISAL chronology,lin_interp_age_uncert_pos,ndb.sampleages.ageolder,FALSE,FALSE,number,,FALSE,,,,,,,,,,
sisal,SISAL chronology,lin_interp_age_uncert_neg,ndb.sampleages.ageyounger,FALSE,FALSE,number,,FALSE,,,,,,,,,,
sisal,SISAL chronology,lin_reg_age,ndb.sampleages.age,FALSE,FALSE,number,,FALSE,,,,,,,,,,
sisal,SISAL chronology,lin_reg_age_uncert_pos,ndb.sampleages.ageolder,FALSE,FALSE,number,,FALSE,,,,,,,,,,
sisal,SISAL chronology,lin_reg_age_uncert_neg,ndb.sampleages.ageyounger,FALSE,FALSE,number,,FALSE,,,,,,,,,,
sisal,SISAL chronology,Bchron_age,ndb.sampleages.age,FALSE,FALSE,number,,FALSE,,,,,,,,,,
sisal,SISAL chronology,Bchron_age_uncert_pos,ndb.sampleages.ageolder,FALSE,FALSE,number,,FALSE,,,,,,,,,,
sisal,SISAL chronology,Bchron_age_uncert_neg,ndb.sampleages.ageyounger,FALSE,FALSE,number,,FALSE,,,,,,,,,,
sisal,SISAL chronology,Bacon_age,ndb.sampleages.age,FALSE,FALSE,number,,FALSE,,,,,,,,,,
sisal,SISAL chronology,Bacon_age_uncert_pos,ndb.sampleages.ageolder,FALSE,FALSE,number,,FALSE,,,,,,,,,,
sisal,SISAL chronology,Bacon_age_uncert_neg,ndb.sampleages.ageyounger,FALSE,FALSE,number,,FALSE,,,,,,,,,,
sisal,SISAL chronology,OxCal_age,ndb.sampleages.age,FALSE,FALSE,number,,FALSE,,,,,,,,,,
sisal,SISAL chronology,OxCal_age_uncert_pos,ndb.sampleages.ageolder,FALSE,FALSE,number,,FALSE,,,,,,,,,,
sisal,SISAL chronology,OxCal_age_uncert_neg,ndb.sampleages.ageyounger,FALSE,FALSE,number,,FALSE,,,,,,,,,,
sisal,SISAL chronology,copRa_age,ndb.sampleages.age,FALSE,FALSE,number,,FALSE,,,,,,,,,,
sisal,SISAL chronology,copRa_age_uncert_pos,ndb.sampleages.ageolder,FALSE,FALSE,number,,FALSE,,,,,,,,,,
sisal,SISAL chronology,copRa_age_uncert_neg,ndb.sampleages.ageyounger,FALSE,FALSE,number,,FALSE,,,,,,,,,,
sisal,SISAL chronology,Stalage_age,ndb.sampleages.age,FALSE,FALSE,number,,FALSE,,,,,,,,,,
sisal,SISAL chronology,Stalage_age_uncert_pos,ndb.sampleages.ageolder,FALSE,FALSE,number,,FALSE,,,,,,,,,,
sisal,SISAL chronology,Stalage_age_uncert_neg,ndb.sampleages.ageyounger,FALSE,FALSE,number,,FALSE,,,,,,,,,,